<?xml version="1.0" encoding="UTF-8"?>
<beans xmlns="http://www.springframework.org/schema/beans"
    xmlns:xsi="http://www.w3.org/2001/XMLSchema-instance"
    xsi:schemaLocation="
        http://www.springframework.org/schema/beans http://www.springframework.org/schema/beans/spring-beans.xsd">
    
    <import resource="departmentConfig.xml"/>
   <bean id="employee" class="com.capgemini.springcore.beans.EmployeeBean" autowire="constructor" >
   <constructor-arg name="empId" value="101"></constructor-arg>
   <constructor-arg name="empName" value="shital"></constructor-arg>
    <!-- <constructor-arg name="deptBean" ref="dev"></constructor-arg>  -->
     
    
   </bean>
  
   <!--  <bean id="dev" class="com.capgemini.springcore.beans.DepartmentBean"  >
     <property name="deptId" value="904"></property>
     <property name="deptName" value="Dev"></property>
   </bean> -->
   
   
    

</beans>