<?xml version="1.0" encoding="UTF-8"?>
<beans xmlns="http://www.springframework.org/schema/beans"
    xmlns:xsi="http://www.w3.org/2001/XMLSchema-instance"
    xsi:schemaLocation="
        http://www.springframework.org/schema/beans http://www.springframework.org/schema/beans/spring-beans.xsd">

   <bean id="employee" class="com.capgemini.springcore.beans.EmployeeBean" autowire="byType" >
     <property name="empId" value="101"></property>
     <property name="empName" value="Shital"></property>
    
   </bean>
  
    <bean id="dev" class="com.capgemini.springcore.beans.DepartmentBean"  >
     <property name="deptId" value="904"></property>
     <property name="deptName" value="Dev"></property>
   </bean>
   
    <bean id="test" class="com.capgemini.springcore.beans.DepartmentBean" primary="true" >
     <property name="deptId" value="905"></property>
     <property name="deptName" value="Testing"></property>
   </bean>
   
   <bean id="HR" class="com.capgemini.springcore.beans.DepartmentBean" autowire-candidate="false">
     <property name="deptId" value="906"></property>
     <property name="deptName" value="HR"></property>
   </bean>
    
    
   
   
    

</beans>