<?xml version="1.0" encoding="UTF-8"?>
<beans xmlns="http://www.springframework.org/schema/beans"
    xmlns:xsi="http://www.w3.org/2001/XMLSchema-instance"
    xsi:schemaLocation="
        http://www.springframework.org/schema/beans 
        http://www.springframework.org/schema/beans/spring-beans.xsd">
        
       <!--  <bean id="medicine" class="com.capgemini.springcore.beans.Medicine">
        <property name="name" value="Crocine"></property>
        <property name="type" value="Allopathic"></property>
        <property name="price" value="50"></property>
        <property name="drugs">
          <list>
          <value>paracetamol</value>
          <value>abc1</value>
          <value>meptalspas</value>
          </list>
        </property>
        </bean> -->
        
        <bean id="medicine" class="com.capgemini.springcore.beans.Medicine">
          <property name="name" value="Crocine"></property>
        <property name="type" value="Allopathic"></property>
        <property name="price" value="50"></property>
        <property name="drugsSet">
        <set>
        <value>paracetamol</value>
          <value>abc1</value>
          <value>meptalspas</value>
           <value>meptalspas</value>
        </set>
        </property>
        </bean>
</beans>