<?xml version="1.0" encoding="UTF-8"?>
<beans xmlns="http://www.springframework.org/schema/beans"
    xmlns:xsi="http://www.w3.org/2001/XMLSchema-instance"
    xsi:schemaLocation="
        http://www.springframework.org/schema/beans http://www.springframework.org/schema/beans/spring-beans.xsd">

   <bean id="Mobile" class="com.capgemini.springcore.beans.Mobile" autowire="byType" >
     <property name="brandName" value="Oppo"></property>
     <property name="modelName" value="o5"></property>
     <property name="price" value="80000"></property>
    
   </bean> 
  
   <bean id="mobile2" class="com.capgemini.springcore.beans.Mobile" autowire="byName" >
     <property name="brandName" value="Realme"></property>
     <property name="modelName" value="R5"></property>
     <property name="price" value="7000"></property>
     
    
   </bean>
   
   <bean id="mobile3" class="com.capgemini.springcore.beans.Mobile"  >
     <property name="brandName" value="Apple"></property>
     <property name="modelName" value="A4"></property>
     <property name="mobileDisplay" ref="mobileDisplay"></property>
     
    
   </bean>
  
  
    <bean id="mobileDisplay" class="com.capgemini.springcore.beans.MobileDisplay" >
     <property name="displaySize" value="800"></property>
     <property name="resolution" value="90"></property>
   </bean>
    
    
   
   
    

</beans>